,id,pop
1,1001,55395
2,1003,200111
3,1005,26887
4,1007,22506
5,1009,57719
6,1011,10764
7,1013,20296
8,1015,115916
9,1017,34076
10,1019,26037
11,1021,43931
12,1023,13323
13,1025,24945
14,1027,13552
15,1029,15080
16,1031,50909
17,1033,54543
18,1035,12670
19,1037,10886
20,1039,37914
21,1041,13977
22,1043,81289
23,1045,49484
24,1047,41711
25,1049,71065
26,1051,80977
27,1053,37733
28,1055,103531
29,1057,16874
30,1059,31601
31,1061,26712
32,1063,8553
33,1065,15184
34,1067,17190
35,1069,104193
36,1071,52665
37,1073,660793
38,1075,14086
39,1077,93096
40,1079,33477
41,1081,154255
42,1083,90787
43,1085,10580
44,1087,19425
45,1089,350299
46,1091,20110
47,1093,30271
48,1095,94636
49,1097,415123
50,1099,21947
51,1101,226189
52,1103,119607
53,1105,9826
54,1107,20365
55,1109,33389
56,1111,22539
57,1113,59608
58,1115,86697
59,1117,206655
60,1119,13166
61,1121,81322
62,1123,41165
63,1125,202212
64,1127,65471
65,1129,16834
66,1131,11098
67,1133,24150
69,2013,3360
70,2016,5750
71,2020,301010
72,2050,17868
73,2060,957
74,2068,1921
75,2070,4988
76,2090,99357
77,2100,2566
78,2105,2082
79,2110,32406
80,2122,57477
81,2130,13787
82,2150,13986
83,2164,1631
84,2170,97882
85,2180,9817
86,2185,9703
87,2188,7717
88,2195,3160
89,2198,6396
90,2220,8900
91,2230,1036
92,2240,6931
93,2261,9488
94,2270,8010
95,2275,2364
96,2282,635
97,2290,5547
99,4001,71828
100,4003,127448
101,4005,137682
102,4007,53119
103,4009,37957
104,4011,9346
105,4012,20231
106,4013,4087191
107,4015,203361
108,4017,108101
109,4019,1004516
110,4021,401918
111,4023,46695
112,4025,218844
113,4027,203247
115,5001,18594
116,5003,20948
117,5005,40857
118,5007,242321
119,5009,37196
120,5011,11148
121,5013,5202
122,5015,27744
123,5017,11180
124,5019,22576
125,5021,15118
126,5023,25634
127,5025,8449
128,5027,23933
129,5029,21083
130,5031,102518
131,5033,61697
132,5035,49548
133,5037,17227
134,5039,7755
135,5041,12264
136,5043,18622
137,5045,120768
138,5047,17805
139,5049,12125
140,5051,97322
141,5053,18144
142,5055,43694
143,5057,22327
144,5059,33368
145,5061,13500
146,5063,36959
147,5065,13486
148,5067,17534
149,5069,72297
150,5071,26005
151,5073,7111
152,5075,16931
153,5077,9860
154,5079,13970
155,5081,12532
156,5083,21958
157,5085,71557
158,5087,15740
159,5089,16367
160,5091,43428
161,5093,44235
162,5095,7582
163,5097,9082
164,5099,8723
165,5101,7904
166,5103,24828
167,5105,10245
168,5107,19930
169,5109,11024
170,5111,24246
171,5113,20225
172,5115,63201
173,5117,8304
174,5119,392702
175,5121,17571
176,5123,26899
177,5125,115719
178,5127,10693
179,5129,7929
180,5131,126776
181,5133,17426
182,5135,16906
183,5137,12494
184,5139,40227
185,5141,16851
186,5143,220792
187,5145,78592
188,5147,6910
189,5149,21951
191,6001,1610921
192,6003,1116
193,6005,36742
194,6007,224241
195,6009,44624
196,6011,21419
197,6013,1111339
198,6015,27212
199,6017,183087
200,6019,965974
201,6021,27955
202,6023,134809
203,6025,179091
204,6027,18410
205,6029,874589
206,6031,150269
207,6033,64184
208,6035,31749
209,6037,10116705
210,6039,154548
211,6041,260750
212,6043,17682
213,6045,87869
214,6047,266353
215,6049,9023
216,6051,13997
217,6053,431344
218,6055,141667
219,6057,98893
220,6059,3145515
221,6061,371694
222,6063,18606
223,6065,2329271
224,6067,1482026
225,6069,58267
226,6071,2112619
227,6073,3263431
228,6075,852469
229,6077,715597
230,6079,279083
231,6081,758581
232,6083,440668
233,6085,1894605
234,6087,271804
235,6089,179804
236,6091,3003
237,6093,43628
238,6095,431131
239,6097,500292
240,6099,531997
241,6101,95847
242,6103,63067
243,6105,13170
244,6107,458198
245,6109,53831
246,6111,846178
247,6113,207590
248,6115,73966
250,8001,480718
251,8003,16177
252,8005,618821
253,8007,12244
254,8009,3645
255,8011,5630
256,8013,313333
257,8014,62138
258,8015,18363
259,8017,1871
260,8019,9187
261,8021,8265
262,8023,3568
263,8025,5360
264,8027,4361
265,8029,29870
266,8031,663862
267,8033,1978
268,8035,314638
269,8037,52921
270,8039,24195
271,8041,663519
272,8043,46502
273,8045,57461
274,8047,5851
275,8049,14546
276,8051,15725
277,8053,786
278,8055,6462
279,8057,1396
280,8059,558503
281,8061,1402
282,8063,8072
283,8065,7357
284,8067,53989
285,8069,324122
286,8071,14052
287,8073,5510
288,8075,22524
289,8077,148255
290,8079,698
291,8081,12928
292,8083,25772
293,8085,40873
294,8087,28328
295,8089,18488
296,8091,4629
297,8093,16345
298,8095,4363
299,8097,17626
300,8099,12034
301,8101,161875
302,8103,6707
303,8105,11607
304,8107,23865
305,8109,6196
306,8111,720
307,8113,7840
308,8115,2348
309,8117,29404
310,8119,23389
311,8121,4780
312,8123,277670
313,8125,10202
315,9001,945438
316,9003,897985
317,9005,184993
318,9007,164943
319,9009,861277
320,9011,273676
321,9013,151367
322,9015,116998
324,10001,171987
325,10003,552778
326,10005,210849
328,11001,658893
330,12001,256380
331,12003,27093
332,12005,178985
333,12007,26702
334,12009,556885
335,12011,1869235
336,12013,14532
337,12015,168474
338,12017,139377
339,12019,199798
340,12021,348777
341,12023,67857
342,12027,35012
343,12029,15907
344,12031,897698
345,12033,310659
346,12035,102408
347,12037,11815
348,12039,46281
349,12041,16997
350,12043,13635
351,12045,15944
352,12047,14048
353,12049,27469
354,12051,38505
355,12053,175855
356,12055,98236
357,12057,1316298
358,12059,19650
359,12061,144755
360,12063,48801
361,12065,14050
362,12067,8835
363,12069,315690
364,12071,679513
365,12073,283988
366,12075,39613
367,12077,8360
368,12079,18518
369,12081,351746
370,12083,339167
371,12085,153392
372,12086,2662874
373,12087,77136
374,12089,76619
375,12091,196512
376,12093,39149
377,12095,1253001
378,12097,310211
379,12099,1397710
380,12101,485331
381,12103,938098
382,12105,634638
383,12107,72143
384,12109,217919
385,12111,291028
386,12113,163422
387,12115,396962
388,12117,442516
389,12119,114350
390,12121,44022
391,12123,22582
392,12125,15190
393,12127,507531
394,12129,31432
395,12131,61530
396,12133,24451
398,13001,18540
399,13003,8223
400,13005,11281
401,13007,3255
402,13009,45909
403,13011,18295
404,13013,73240
405,13015,101736
406,13017,17464
407,13019,18700
408,13021,153905
409,13023,12795
410,13025,18417
411,13027,15418
412,13029,33906
413,13031,72087
414,13033,22709
415,13035,23368
416,13037,6463
417,13039,52027
418,13043,10888
419,13045,114093
420,13047,65621
421,13049,12897
422,13051,283379
423,13053,11837
424,13055,24939
425,13057,230985
426,13059,120938
427,13061,3102
428,13063,267542
429,13065,6831
430,13067,730981
431,13069,42811
432,13071,46102
433,13073,139257
434,13075,17214
435,13077,135571
436,13079,12387
437,13081,22934
438,13083,16389
439,13085,22957
440,13087,27220
441,13089,722161
442,13091,20976
443,13093,14188
444,13095,92407
445,13097,138776
446,13099,10491
447,13101,4003
448,13103,55423
449,13105,19438
450,13107,22755
451,13109,10898
452,13111,23753
453,13113,109664
454,13115,96063
455,13117,204302
456,13119,22264
457,13121,996319
458,13123,28829
459,13125,3053
460,13127,82175
461,13129,56047
462,13131,25359
463,13133,16490
464,13135,877922
465,13137,43752
466,13139,190761
467,13141,8509
468,13143,28641
469,13145,32876
470,13147,25377
471,13149,11603
472,13151,213869
473,13153,149111
474,13155,9104
475,13157,61870
476,13159,13432
477,13161,14859
478,13163,16272
479,13165,9125
480,13167,9701
481,13169,28787
482,13171,18207
483,13173,10373
484,13175,47851
485,13177,29191
486,13179,65198
487,13181,7622
488,13183,17113
489,13185,113523
490,13187,31176
491,13189,21370
492,13191,14214
493,13193,13792
494,13195,28312
495,13197,8797
496,13199,21198
497,13201,5958
498,13205,22771
499,13207,27051
500,13209,8991
501,13211,17956
502,13213,39410
503,13215,200887
504,13217,103675
505,13219,35093
506,13221,14673
507,13223,148987
508,13225,26922
509,13227,29997
510,13229,18991
511,13231,17784
512,13233,41133
513,13235,11483
514,13237,21192
515,13239,2315
516,13241,16243
517,13243,7313
518,13245,201368
519,13247,87754
520,13249,5163
521,13251,14085
522,13253,8686
523,13255,63988
524,13257,25480
525,13259,5744
526,13261,31232
527,13263,6390
528,13265,1693
529,13267,25224
530,13269,8442
531,13271,16518
532,13273,9132
533,13275,44959
534,13277,40704
535,13279,27282
536,13281,11098
537,13283,6778
538,13285,69469
539,13287,8153
540,13289,8320
541,13291,21984
542,13293,26256
543,13295,68218
544,13297,87615
545,13299,35515
546,13301,5520
547,13303,20635
548,13305,29949
549,13307,2649
550,13309,7995
551,13311,27970
552,13313,103542
553,13315,8847
554,13317,9940
555,13319,9326
556,13321,20940
558,15001,194190
559,15003,991788
560,15005,89
561,15007,70475
562,15009,163019
564,16001,426236
565,16003,3861
566,16005,83347
567,16007,5957
568,16009,9118
569,16011,45269
570,16013,21482
571,16015,6824
572,16017,41585
573,16019,108623
574,16021,10979
575,16023,2622
576,16025,1039
577,16027,203143
578,16029,6837
579,16031,23540
580,16033,867
581,16035,8562
582,16037,4140
583,16039,26094
584,16041,13021
585,16043,12867
586,16045,16866
587,16047,15064
588,16049,16215
589,16051,27021
590,16053,22818
591,16055,147326
592,16057,38411
593,16059,7726
594,16061,3838
595,16063,5316
596,16065,38038
597,16067,20323
598,16069,40007
599,16071,4184
600,16073,11353
601,16075,22836
602,16077,7617
603,16079,12390
604,16081,10341
605,16083,80914
606,16085,9826
607,16087,10021
609,17001,66988
610,17003,7492
611,17005,17269
612,17007,53869
613,17009,6832
614,17011,33840
615,17013,4956
616,17015,14715
617,17017,13156
618,17019,207133
619,17021,33892
620,17023,16180
621,17025,13520
622,17027,37857
623,17029,53320
624,17031,5246456
625,17033,19393
626,17035,10833
627,17037,105462
628,17039,16284
629,17041,19889
630,17043,932708
631,17045,17841
632,17047,6617
633,17049,34320
634,17051,21870
635,17053,13688
636,17055,39411
637,17057,36007
638,17059,5291
639,17061,13434
640,17063,50425
641,17065,8296
642,17067,18564
643,17069,4129
644,17071,6916
645,17073,49635
646,17075,28879
647,17077,59677
648,17079,9623
649,17081,38534
650,17083,22571
651,17085,22254
652,17087,12601
653,17089,527306
654,17091,111375
655,17093,121350
656,17095,52069
657,17097,705186
658,17099,111241
659,17101,16519
660,17103,34735
661,17105,37903
662,17107,29746
663,17109,31880
664,17111,307283
665,17113,174061
666,17115,108350
667,17117,46453
668,17119,266560
669,17121,38571
670,17123,12014
671,17125,13898
672,17127,14905
673,17129,12570
674,17131,15945
675,17133,33722
676,17135,29359
677,17137,34929
678,17139,14837
679,17141,52085
680,17143,187319
681,17145,21672
682,17147,16431
683,17149,16022
684,17151,4276
685,17153,5815
686,17155,5814
687,17157,32869
688,17159,16061
689,17161,146063
690,17163,265729
691,17165,24612
692,17167,198997
693,17169,7330
694,17171,5204
695,17173,22048
696,17175,5813
697,17177,46435
698,17179,135707
699,17181,17447
700,17183,79728
701,17185,11549
702,17187,17874
703,17189,14337
704,17191,16543
705,17193,14374
706,17195,56876
707,17197,685419
708,17199,67008
709,17201,288542
710,17203,39187
712,18001,34791
713,18003,365918
714,18005,80217
715,18007,8700
716,18009,12401
717,18011,61915
718,18013,14962
719,18015,19923
720,18017,38438
721,18019,114262
722,18021,26562
723,18023,32776
724,18025,10655
725,18027,32729
726,18029,49506
727,18031,26524
728,18033,42383
729,18035,117074
730,18037,42345
731,18039,201971
732,18041,23468
733,18043,76179
734,18045,16658
735,18047,22934
736,18049,20500
737,18051,33759
738,18053,68569
739,18055,32726
740,18057,302623
741,18059,71978
742,18061,39299
743,18063,156056
744,18065,48995
745,18067,82982
746,18069,36706
747,18071,43705
748,18073,33475
749,18075,21179
750,18077,32494
751,18079,28000
752,18081,147538
753,18083,37938
754,18085,78564
755,18087,38436
756,18089,490228
757,18091,111444
758,18093,45704
759,18095,130069
760,18097,934243
761,18099,47107
762,18101,10203
763,18103,35954
764,18105,143339
765,18107,38146
766,18109,69693
767,18111,14156
768,18113,47618
769,18115,6035
770,18117,19626
771,18119,20969
772,18121,17233
773,18123,19454
774,18125,12624
775,18127,167076
776,18129,25540
777,18131,12967
778,18133,37618
779,18135,25384
780,18137,28497
781,18139,16892
782,18141,267618
783,18143,23712
784,18145,44579
785,18147,20801
786,18149,23074
787,18151,34308
788,18153,21050
789,18155,10452
790,18157,183074
791,18159,15415
792,18161,7246
793,18163,182006
794,18165,15693
795,18167,108175
796,18169,32252
797,18171,8352
798,18173,61149
799,18175,27878
800,18177,67671
801,18179,27862
802,18181,24453
803,18183,33403
805,19001,7454
806,19003,3875
807,19005,14038
808,19007,12661
809,19009,5794
810,19011,25680
811,19013,132897
812,19015,26433
813,19017,24721
814,19019,21038
815,19021,20578
816,19023,15006
817,19025,9866
818,19027,20562
819,19029,13448
820,19031,18411
821,19033,43254
822,19035,11836
823,19037,12264
824,19039,9217
825,19041,16515
826,19043,17692
827,19045,48051
828,19047,17228
829,19049,77400
830,19051,8781
831,19053,8263
832,19055,17398
833,19057,40255
834,19059,16935
835,19061,96370
836,19063,9990
837,19065,20343
838,19067,16077
839,19069,10436
840,19071,7022
841,19073,9200
842,19075,12375
843,19077,10722
844,19079,15117
845,19081,11027
846,19083,17311
847,19085,14324
848,19087,20217
849,19089,9449
850,19091,9640
851,19093,7042
852,19095,16375
853,19097,19482
854,19099,36872
855,19101,17325
856,19103,142287
857,19105,20454
858,19107,10231
859,19109,15222
860,19111,35286
861,19113,217751
862,19115,11161
863,19117,8701
864,19119,11683
865,19121,15609
866,19123,22370
867,19125,33365
868,19127,40866
869,19129,14831
870,19131,10779
871,19133,8996
872,19135,8001
873,19137,10421
874,19139,42903
875,19141,14056
876,19143,6218
877,19145,15496
878,19147,9099
879,19149,24874
880,19151,7138
881,19153,459862
882,19155,93128
883,19157,18668
884,19159,5051
885,19161,10035
886,19163,171387
887,19165,11948
888,19167,34681
889,19169,94073
890,19171,17451
891,19173,6143
892,19175,12516
893,19177,7468
894,19179,35212
895,19181,47956
896,19183,22070
897,19185,6395
898,19187,36955
899,19189,10559
900,19191,20768
901,19193,102271
902,19195,7624
903,19197,12840
905,20001,12909
906,20003,7883
907,20005,16513
908,20007,4897
909,20009,27385
910,20011,14772
911,20013,9815
912,20015,66227
913,20017,2692
914,20019,3481
915,20021,20787
916,20023,2693
917,20025,2144
918,20027,8317
919,20029,9385
920,20031,8433
921,20033,1954
922,20035,35963
923,20037,39290
924,20039,2908
925,20041,19394
926,20043,7874
927,20045,116585
928,20047,3030
929,20049,2694
930,20051,29013
931,20053,6392
932,20055,37184
933,20057,34795
934,20059,25611
935,20061,36713
936,20063,2727
937,20065,2566
938,20067,7816
939,20069,6082
940,20071,1301
941,20073,6328
942,20075,2603
943,20077,5818
944,20079,34820
945,20081,4106
946,20083,1916
947,20085,13539
948,20087,18855
949,20089,3043
950,20091,574272
951,20093,3915
952,20095,7698
953,20097,2513
954,20099,20960
955,20101,1687
956,20103,78797
957,20105,3167
958,20107,9502
959,20109,2794
960,20111,33212
961,20113,29241
962,20115,12208
963,20117,10006
964,20119,4357
965,20121,32822
966,20123,6284
967,20125,34065
968,20127,5698
969,20129,3110
970,20131,10148
971,20133,16416
972,20135,3105
973,20137,5560
974,20139,15936
975,20141,3756
976,20143,6065
977,20145,6916
978,20147,5533
979,20149,22897
980,20151,9850
981,20153,2584
982,20155,63794
983,20157,4803
984,20159,10015
985,20161,75194
986,20163,5155
987,20165,3197
988,20167,6956
989,20169,55755
990,20171,5080
991,20173,508803
992,20175,23465
993,20177,178406
994,20179,2539
995,20181,6110
996,20183,3769
997,20185,4297
998,20187,2111
999,20189,5801
1000,20191,23528
1001,20193,7891
1002,20195,2902
1003,20197,7022
1004,20199,1506
1005,20201,5598
1006,20203,2176
1007,20205,9028
1008,20207,3157
1009,20209,161636
1011,21001,19204
1012,21003,20384
1013,21005,21888
1014,21007,8240
1015,21009,43148
1016,21011,12206
1017,21013,27778
1018,21015,126413
1019,21017,19972
1020,21019,48832
1021,21021,29706
1022,21023,8406
1023,21025,13409
1024,21027,19888
1025,21029,77955
1026,21031,12875
1027,21033,12725
1028,21035,38282
1029,21037,91833
1030,21039,4978
1031,21041,10815
1032,21043,27223
1033,21045,15891
1034,21047,74250
1035,21049,35758
1036,21051,21147
1037,21053,10165
1038,21055,9224
1039,21057,6745
1040,21059,98275
1041,21061,12013
1042,21063,7672
1043,21065,14447
1044,21067,310797
1045,21069,14545
1046,21071,38108
1047,21073,49880
1048,21075,6265
1049,21077,8589
1050,21079,16858
1051,21081,24875
1052,21083,37618
1053,21085,26194
1054,21087,11043
1055,21089,36308
1056,21091,8753
1057,21093,108266
1058,21095,28163
1059,21097,18592
1060,21099,18597
1061,21101,46467
1062,21103,15572
1063,21105,4734
1064,21107,46376
1065,21109,13289
1066,21111,760026
1067,21113,50815
1068,21115,23262
1069,21117,163929
1070,21119,15892
1071,21121,31798
1072,21123,14180
1073,21125,60015
1074,21127,15804
1075,21129,7594
1076,21131,10918
1077,21133,23359
1078,21135,13880
1079,21137,24445
1080,21139,9359
1081,21141,26867
1082,21143,8430
1083,21145,65316
1084,21147,17863
1085,21149,9478
1086,21151,87340
1087,21153,12913
1088,21155,20007
1089,21157,30953
1090,21159,12537
1091,21161,17166
1092,21163,29139
1093,21165,6287
1094,21167,21319
1095,21169,9990
1096,21171,10704
1097,21173,27474
1098,21175,13303
1099,21177,31207
1100,21179,44812
1101,21181,7041
1102,21183,23977
1103,21185,63490
1104,21187,10645
1105,21189,4508
1106,21191,14493
1107,21193,27597
1108,21195,63034
1109,21197,12434
1110,21199,63825
1111,21201,2197
1112,21203,16826
1113,21205,23655
1114,21207,17774
1115,21209,51284
1116,21211,44875
1117,21213,17826
1118,21215,17668
1119,21217,25257
1120,21219,12520
1121,21221,14142
1122,21223,8786
1123,21225,15165
1124,21227,120460
1125,21229,11959
1126,21231,20486
1127,21233,13236
1128,21235,35503
1129,21237,7214
1130,21239,25563
1132,22001,62486
1133,22003,25713
1134,22005,117029
1135,22007,23034
1136,22009,41145
1137,22011,36198
1138,22013,13885
1139,22015,125064
1140,22017,252603
1141,22019,197204
1142,22021,9894
1143,22023,6679
1144,22025,10151
1145,22027,16412
1146,22029,20466
1147,22031,27142
1148,22033,446042
1149,22035,7487
1150,22037,19813
1151,22039,33700
1152,22041,20441
1153,22043,22384
1154,22045,73913
1155,22047,33327
1156,22049,15994
1157,22051,435716
1158,22053,31477
1159,22055,235644
1160,22057,98020
1161,22059,14839
1162,22061,47617
1163,22063,135751
1164,22065,11843
1165,22067,26760
1166,22069,39166
1167,22071,384320
1168,22073,156325
1169,22075,23447
1170,22077,22406
1171,22079,132488
1172,22081,8669
1173,22083,20740
1174,22085,24199
1175,22087,44409
1176,22089,52745
1177,22091,10619
1178,22093,21638
1179,22095,43745
1180,22097,83709
1181,22099,53315
1182,22101,53162
1183,22103,245829
1184,22105,127049
1185,22107,4830
1186,22109,113328
1187,22111,22539
1188,22113,59616
1189,22115,52132
1190,22117,46286
1191,22119,40333
1192,22121,25085
1193,22123,11525
1194,22125,15406
1195,22127,14743
1197,23001,107440
1198,23003,69447
1199,23005,287797
1200,23007,30296
1201,23009,54696
1202,23011,121112
1203,23013,39676
1204,23015,34170
1205,23017,57238
1206,23019,153414
1207,23021,17026
1208,23023,35045
1209,23025,51163
1210,23027,39051
1211,23029,31808
1212,23031,200710
1214,24001,72952
1215,24003,560133
1216,24005,826925
1217,24009,90613
1218,24011,32538
1219,24013,167830
1220,24015,102383
1221,24017,154747
1222,24019,32578
1223,24021,243675
1224,24023,29679
1225,24025,250105
1226,24027,309284
1227,24029,19820
1228,24031,1030447
1229,24033,904430
1230,24035,48804
1231,24037,110382
1232,24039,25859
1233,24041,37643
1234,24043,149573
1235,24045,101539
1236,24047,51675
1237,24510,622793
1239,25001,214914
1240,25003,128715
1241,25005,554194
1242,25007,17356
1243,25009,769091
1244,25011,70862
1245,25013,468161
1246,25015,160939
1247,25017,1570315
1248,25019,10856
1249,25021,692254
1250,25023,507022
1251,25025,767254
1252,25027,813475
1254,26001,10454
1255,26003,9459
1256,26005,113847
1257,26007,28988
1258,26009,23267
1259,26011,15353
1260,26013,8654
1261,26015,59281
1262,26017,106179
1263,26019,17519
1264,26021,155233
1265,26023,43545
1266,26025,134878
1267,26027,51608
1268,26029,26121
1269,26031,25675
1270,26033,38321
1271,26035,30652
1272,26037,77297
1273,26039,13745
1274,26041,36559
1275,26043,25957
1276,26045,108579
1277,26047,33204
1278,26049,412895
1279,26051,25411
1280,26053,15737
1281,26055,90782
1282,26057,41665
1283,26059,45830
1284,26061,36495
1285,26063,32065
1286,26065,284582
1287,26067,64294
1288,26069,25420
1289,26071,11387
1290,26073,70616
1291,26075,159741
1292,26077,258818
1293,26079,17394
1294,26081,629237
1295,26083,2217
1296,26085,11341
1297,26087,88153
1298,26089,21915
1299,26091,99047
1300,26093,185596
1301,26095,6426
1302,26097,11042
1303,26099,860112
1304,26101,24420
1305,26103,67676
1306,26105,28824
1307,26107,43186
1308,26109,23714
1309,26111,83427
1310,26113,15037
1311,26115,149824
1312,26117,62893
1313,26119,9300
1314,26121,172344
1315,26123,47900
1316,26125,1237868
1317,26127,26221
1318,26129,21039
1319,26131,6172
1320,26133,23169
1321,26135,8371
1322,26137,24158
1323,26139,276292
1324,26141,13004
1325,26143,23955
1326,26145,195012
1327,26147,160078
1328,26149,60946
1329,26151,41587
1330,26153,8171
1331,26155,68933
1332,26157,54000
1333,26159,75199
1334,26161,356874
1335,26163,1764804
1336,26165,32886
1338,27001,15771
1339,27003,341864
1340,27005,33259
1341,27007,45664
1342,27009,39506
1343,27011,5127
1344,27013,65385
1345,27015,25292
1346,27017,35571
1347,27019,97338
1348,27021,28559
1349,27023,12110
1350,27025,54025
1351,27027,61286
1352,27029,8791
1353,27031,5233
1354,27033,11633
1355,27035,63265
1356,27037,412529
1357,27039,20353
1358,27041,36790
1359,27043,14192
1360,27045,20776
1361,27047,30840
1362,27049,46423
1363,27051,5956
1364,27053,1212064
1365,27055,18738
1366,27057,20573
1367,27059,38413
1368,27061,45589
1369,27063,10269
1370,27065,15930
1371,27067,42285
1372,27069,4435
1373,27071,12856
1374,27073,6891
1375,27075,10680
1376,27077,3918
1377,27079,27770
1378,27081,5788
1379,27083,25665
1380,27085,35882
1381,27087,5505
1382,27089,9417
1383,27091,20220
1384,27093,23107
1385,27095,25884
1386,27097,32810
1387,27099,39323
1388,27101,8470
1389,27103,33093
1390,27105,21590
1391,27107,6639
1392,27109,150287
1393,27111,57635
1394,27113,14058
1395,27115,29095
1396,27117,9281
1397,27119,31704
1398,27121,10984
1399,27123,532655
1400,27125,4043
1401,27127,15515
1402,27129,15025
1403,27131,65151
1404,27133,9553
1405,27135,15679
1406,27137,200949
1407,27139,139672
1408,27141,91126
1409,27143,14918
1410,27145,152912
1411,27147,36573
1412,27149,9800
1413,27151,9436
1414,27153,24264
1415,27155,3387
1416,27157,21362
1417,27159,13757
1418,27161,19025
1419,27163,249283
1420,27165,11083
1421,27167,6495
1422,27169,51097
1423,27171,129918
1424,27173,10109
1426,28001,31737
1427,28003,37380
1428,28005,12629
1429,28007,19163
1430,28009,8296
1431,28011,33768
1432,28013,14745
1433,28015,10254
1434,28017,17313
1435,28019,8294
1436,28021,9080
1437,28023,16299
1438,28025,20225
1439,28027,24807
1440,28029,28797
1441,28031,19442
1442,28033,170913
1443,28035,76330
1444,28037,7833
1445,28039,23303
1446,28041,14326
1447,28043,21666
1448,28045,45949
1449,28047,199058
1450,28049,243729
1451,28051,18459
1452,28053,8741
1453,28055,1397
1454,28057,23527
1455,28059,141137
1456,28061,16601
1457,28063,7599
1458,28065,11822
1459,28067,68290
1460,28069,10163
1461,28071,52930
1462,28073,60099
1463,28075,79739
1464,28077,12502
1465,28079,23193
1466,28081,85246
1467,28083,31422
1468,28085,34775
1469,28087,59730
1470,28089,101688
1471,28091,25868
1472,28093,36234
1473,28095,36003
1474,28097,10400
1475,28099,29465
1476,28101,21832
1477,28103,11115
1478,28105,49414
1479,28107,34444
1480,28109,55224
1481,28111,12227
1482,28113,40058
1483,28115,30950
1484,28117,25428
1485,28119,7678
1486,28121,148070
1487,28123,28461
1488,28125,4647
1489,28127,27463
1490,28129,16188
1491,28131,17875
1492,28133,27496
1493,28135,14761
1494,28137,28204
1495,28139,22039
1496,28141,19420
1497,28143,10598
1498,28145,28097
1499,28147,14859
1500,28149,47983
1501,28151,48958
1502,28153,20490
1503,28155,9972
1504,28157,9191
1505,28159,18478
1506,28161,12276
1507,28163,27817
1509,29001,25602
1510,29003,17379
1511,29005,5382
1512,29007,25887
1513,29009,35662
1514,29011,12057
1515,29013,16584
1516,29015,18806
1517,29017,12394
1518,29019,172717
1519,29021,89486
1520,29023,42972
1521,29025,9034
1522,29027,44750
1523,29029,44021
1524,29031,78043
1525,29033,9043
1526,29035,6258
1527,29037,100889
1528,29039,13952
1529,29041,7694
1530,29043,82101
1531,29045,6917
1532,29047,233682
1533,29049,20299
1534,29051,76557
1535,29053,17585
1536,29055,24650
1537,29057,7628
1538,29059,16389
1539,29061,8297
1540,29063,12692
1541,29065,15655
1542,29067,13546
1543,29069,31344
1544,29071,102084
1545,29073,14866
1546,29075,6826
1547,29077,285865
1548,29079,10197
1549,29081,8639
1550,29083,22028
1551,29085,9219
1552,29087,4516
1553,29089,10159
1554,29091,40173
1555,29093,10267
1556,29095,683191
1557,29097,117543
1558,29099,222716
1559,29101,54362
1560,29103,4000
1561,29105,35439
1562,29107,32688
1563,29109,38023
1564,29111,10138
1565,29113,54249
1566,29115,12311
1567,29117,15053
1568,29119,22800
1569,29121,15479
1570,29123,12368
1571,29125,9013
1572,29127,28920
1573,29129,3719
1574,29131,25141
1575,29133,14232
1576,29135,15856
1577,29137,8707
1578,29139,11841
1579,29141,20240
1580,29143,18272
1581,29145,58598
1582,29147,23081
1583,29149,10911
1584,29151,13703
1585,29153,9492
1586,29155,17650
1587,29157,19202
1588,29159,42225
1589,29161,44847
1590,29163,18541
1591,29165,94788
1592,29167,31054
1593,29169,53436
1594,29171,4829
1595,29173,10255
1596,29175,25072
1597,29177,22949
1598,29179,6565
1599,29181,13969
1600,29183,379493
1601,29185,9457
1602,29186,17914
1603,29187,65960
1604,29189,1001876
1605,29195,23347
1606,29197,4370
1607,29199,4863
1608,29201,38903
1609,29203,8329
1610,29205,6108
1611,29207,29867
1612,29209,31104
1613,29211,6411
1614,29213,54230
1615,29215,25642
1616,29217,21001
1617,29219,33253
1618,29221,25077
1619,29223,13452
1620,29225,36888
1621,29227,2073
1622,29229,18291
1623,29510,317419
1625,30001,9345
1626,30003,13282
1627,30005,6619
1628,30007,5667
1629,30009,10399
1630,30011,1169
1631,30013,82344
1632,30015,5894
1633,30017,12092
1634,30019,1793
1635,30021,9518
1636,30023,9150
1637,30025,3108
1638,30027,11442
1639,30029,94924
1640,30031,97308
1641,30033,1309
1642,30035,13696
1643,30037,852
1644,30039,3209
1645,30041,16596
1646,30043,11558
1647,30045,1991
1648,30047,29099
1649,30049,65856
1650,30051,2359
1651,30053,19125
1652,30055,1694
1653,30057,7820
1654,30059,1853
1655,30061,4257
1656,30063,112684
1657,30065,4589
1658,30067,15880
1659,30069,485
1660,30071,4192
1661,30073,6219
1662,30075,1783
1663,30077,6909
1664,30079,1148
1665,30081,41030
1666,30083,11576
1667,30085,11332
1668,30087,9326
1669,30089,11364
1670,30091,3696
1671,30093,34680
1672,30095,9290
1673,30097,3665
1674,30099,6064
1675,30101,5150
1676,30103,692
1677,30105,7640
1678,30107,2102
1679,30109,1121
1680,30111,155634
1682,31001,31457
1683,31003,6398
1684,31005,453
1685,31007,764
1686,31009,504
1687,31011,5353
1688,31013,11340
1689,31015,2033
1690,31017,2941
1691,31019,48224
1692,31021,6573
1693,31023,8249
1694,31025,25524
1695,31027,8610
1696,31029,3978
1697,31031,5762
1698,31033,10148
1699,31035,6315
1700,31037,10504
1701,31039,9027
1702,31041,10728
1703,31043,20850
1704,31045,9042
1705,31047,24096
1706,31049,1940
1707,31051,5782
1708,31053,36744
1709,31055,543244
1710,31057,1886
1711,31059,5661
1712,31061,3076
1713,31063,2705
1714,31065,4888
1715,31067,21663
1716,31069,1911
1717,31071,2003
1718,31073,1970
1719,31075,619
1720,31077,2482
1721,31079,61492
1722,31081,9135
1723,31083,3492
1724,31085,933
1725,31087,2901
1726,31089,10403
1727,31091,728
1728,31093,6362
1729,31095,7335
1730,31097,5185
1731,31099,6644
1732,31101,8121
1733,31103,810
1734,31105,3713
1735,31107,8482
1736,31109,301795
1737,31111,35815
1738,31113,750
1739,31115,588
1740,31117,498
1741,31119,35174
1742,31121,7766
1743,31123,4862
1744,31125,3570
1745,31127,7175
1746,31129,4369
1747,31131,15797
1748,31133,2702
1749,31135,2891
1750,31137,9187
1751,31139,7202
1752,31141,32666
1753,31143,5271
1754,31145,10867
1755,31147,8128
1756,31149,1443
1757,31151,14252
1758,31153,172193
1759,31155,20919
1760,31157,36465
1761,31159,17150
1762,31161,5259
1763,31163,3074
1764,31165,1303
1765,31167,6069
1766,31169,5230
1767,31171,687
1768,31173,6969
1769,31175,4204
1770,31177,20258
1771,31179,9431
1772,31181,3658
1773,31183,766
1774,31185,13917
1776,32001,23989
1777,32003,2069681
1778,32005,47536
1779,32007,52766
1780,32009,822
1781,32011,2018
1782,32013,17279
1783,32015,6009
1784,32017,5184
1785,32019,51789
1786,32021,4500
1787,32023,42282
1788,32027,6698
1789,32029,3912
1790,32031,440078
1791,32033,10034
1792,32510,54522
1794,33001,60305
1795,33003,47399
1796,33005,76115
1797,33007,31653
1798,33009,89658
1799,33011,405184
1800,33013,147171
1801,33015,300621
1802,33017,125604
1803,33019,43103
1805,34001,275209
1806,34003,933572
1807,34005,449722
1808,34007,511038
1809,34009,95344
1810,34011,157389
1811,34013,795723
1812,34015,290951
1813,34017,669115
1814,34019,126067
1815,34021,371537
1816,34023,836297
1817,34025,629279
1818,34027,499727
1819,34029,586301
1820,34031,508856
1821,34033,64715
1822,34035,332568
1823,34037,144909
1824,34039,552939
1825,34041,106917
1827,35001,675551
1828,35003,3556
1829,35005,65878
1830,35006,27349
1831,35007,12680
1832,35009,50969
1833,35011,1825
1834,35013,213676
1835,35015,56395
1836,35017,29096
1837,35019,4468
1838,35021,683
1839,35023,4560
1840,35025,69999
1841,35027,19706
1842,35028,17682
1843,35029,24673
1844,35031,74098
1845,35033,4592
1846,35035,65082
1847,35037,8501
1848,35039,39777
1849,35041,19536
1850,35043,137608
1851,35045,123785
1852,35047,28239
1853,35049,148164
1854,35051,11325
1855,35053,17310
1856,35055,33084
1857,35057,15611
1858,35059,4297
1859,35061,75817
1861,36001,308171
1862,36003,47736
1863,36005,1438159
1864,36007,197349
1865,36009,78600
1866,36011,78823
1867,36013,132053
1868,36015,87770
1869,36017,49426
1870,36019,81632
1871,36021,62122
1872,36023,49024
1873,36025,46581
1874,36027,296579
1875,36029,922835
1876,36031,38679
1877,36033,51262
1878,36035,54105
1879,36037,59162
1880,36039,47967
1881,36041,4715
1882,36043,63744
1883,36045,119103
1884,36047,2621793
1885,36049,27220
1886,36051,64586
1887,36053,72369
1888,36055,749857
1889,36057,49779
1890,36059,1358627
1891,36061,1636268
1892,36063,213525
1893,36065,232871
1894,36067,468196
1895,36069,109707
1896,36071,376099
1897,36073,41984
1898,36075,120913
1899,36077,61128
1900,36079,99487
1901,36081,2321580
1902,36083,159774
1903,36085,473279
1904,36087,323866
1905,36089,111400
1906,36091,224921
1907,36093,155735
1908,36095,31566
1909,36097,18479
1910,36099,34884
1911,36101,98394
1912,36103,1502968
1913,36105,75943
1914,36107,49870
1915,36109,104691
1916,36111,180445
1917,36113,64973
1918,36115,62372
1919,36117,92051
1920,36119,972634
1921,36121,41188
1922,36123,25208
1924,37001,155792
1925,37003,37392
1926,37005,10879
1927,37007,25765
1928,37009,27126
1929,37011,17773
1930,37013,47585
1931,37015,20106
1932,37017,34657
1933,37019,118836
1934,37021,250539
1935,37023,89486
1936,37025,192103
1937,37027,81484
1938,37029,10331
1939,37031,68811
1940,37033,23082
1941,37035,154534
1942,37037,68698
1943,37039,27141
1944,37041,14572
1945,37043,10581
1946,37045,97076
1947,37047,56953
1948,37049,104510
1949,37051,326328
1950,37053,24976
1951,37055,35104
1952,37057,164072
1953,37059,41434
1954,37061,59882
1955,37063,294460
1956,37065,54933
1957,37067,365298
1958,37069,62860
1959,37071,211127
1960,37073,11567
1961,37075,8644
1962,37077,58500
1963,37079,21093
1964,37081,512119
1965,37083,52970
1966,37085,126666
1967,37087,59471
1968,37089,111149
1969,37091,24308
1970,37093,51611
1971,37095,5676
1972,37097,166675
1973,37099,40981
1974,37101,181423
1975,37103,10076
1976,37105,59662
1977,37107,58485
1978,37109,79829
1979,37111,44965
1980,37113,33875
1981,37115,21157
1982,37117,23454
1983,37119,1012539
1984,37121,15311
1985,37123,27395
1986,37125,93077
1987,37127,94357
1988,37129,216298
1989,37131,20463
1990,37133,187589
1991,37135,140420
1992,37137,12948
1993,37139,39787
1994,37141,56250
1995,37143,13466
1996,37145,39132
1997,37147,175354
1998,37149,20357
1999,37151,142778
2000,37153,45733
2001,37155,134760
2002,37157,91696
2003,37159,138630
2004,37161,66600
2005,37163,64050
2006,37165,35576
2007,37167,60600
2008,37169,46419
2009,37171,72968
2010,37173,14274
2011,37175,33045
2012,37177,4115
2013,37179,218568
2014,37181,44614
2015,37183,998691
2016,37185,20231
2017,37187,12570
2018,37189,52560
2019,37191,124456
2020,37193,68838
2021,37195,81401
2022,37197,37792
2023,37199,17614
2025,38001,2384
2026,38003,11144
2027,38005,6833
2028,38007,901
2029,38009,6650
2030,38011,3247
2031,38013,2245
2032,38015,90503
2033,38017,167005
2034,38019,3855
2035,38021,5150
2036,38023,2432
2037,38025,4399
2038,38027,2377
2039,38029,3422
2040,38031,3362
2041,38033,1825
2042,38035,70138
2043,38037,2361
2044,38039,2319
2045,38041,2660
2046,38043,2424
2047,38045,4149
2048,38047,1944
2049,38049,5988
2050,38051,2801
2051,38053,10996
2052,38055,9578
2053,38057,8746
2054,38059,29822
2055,38061,9782
2056,38063,3045
2057,38065,1850
2058,38067,7128
2059,38069,4404
2060,38071,11564
2061,38073,5446
2062,38075,2587
2063,38077,16432
2064,38079,14616
2065,38081,3931
2066,38083,1326
2067,38085,4422
2068,38087,765
2069,38089,30372
2070,38091,1955
2071,38093,21129
2072,38095,2310
2073,38097,8082
2074,38099,10970
2075,38101,69384
2076,38103,4192
2077,38105,32130
2079,39001,28129
2080,39003,105040
2081,39005,53035
2082,39007,99175
2083,39009,64713
2084,39011,45841
2085,39013,69461
2086,39015,44116
2087,39017,374158
2088,39019,28187
2089,39021,39128
2090,39023,136554
2091,39025,201560
2092,39027,41835
2093,39029,105686
2094,39031,36516
2095,39033,42480
2096,39035,1259828
2097,39037,52196
2098,39039,38510
2099,39041,189113
2100,39043,75828
2101,39045,150381
2102,39047,28800
2103,39049,1231393
2104,39051,42580
2105,39053,30397
2106,39055,94295
2107,39057,163820
2108,39059,39590
2109,39061,806631
2110,39063,75337
2111,39065,31796
2112,39067,15543
2113,39069,27937
2114,39071,43045
2115,39073,28725
2116,39075,43898
2117,39077,58714
2118,39079,32748
2119,39081,67694
2120,39083,61167
2121,39085,229230
2122,39087,61623
2123,39089,169390
2124,39091,45507
2125,39093,304216
2126,39095,435286
2127,39097,43918
2128,39099,233204
2129,39101,65720
2130,39103,176029
2131,39105,23331
2132,39107,40831
2133,39109,103900
2134,39111,14465
2135,39113,533116
2136,39115,14843
2137,39117,35152
2138,39119,85818
2139,39121,14363
2140,39123,41154
2141,39125,18989
2142,39127,35812
2143,39129,56876
2144,39131,28256
2145,39133,161882
2146,39135,41586
2147,39137,34171
2148,39139,121942
2149,39141,77159
2150,39143,60179
2151,39145,77258
2152,39147,55669
2153,39149,48951
2154,39151,375736
2155,39153,541943
2156,39155,205175
2157,39157,92788
2158,39159,53776
2159,39161,28462
2160,39163,13234
2161,39165,221659
2162,39167,61213
2163,39169,115537
2164,39171,37291
2165,39173,129590
2166,39175,22353
2168,40001,22186
2169,40003,5790
2170,40005,13796
2171,40007,5486
2172,40009,23691
2173,40011,9917
2174,40013,44486
2175,40015,29317
2176,40017,129582
2177,40019,48821
2178,40021,48341
2179,40023,15161
2180,40025,2294
2181,40027,269908
2182,40029,5807
2183,40031,125033
2184,40033,6150
2185,40035,14582
2186,40037,70632
2187,40039,29500
2188,40041,41446
2189,40043,4914
2190,40045,4150
2191,40047,63091
2192,40049,27561
2193,40051,53854
2194,40053,4501
2195,40055,6151
2196,40057,2798
2197,40059,3812
2198,40061,12896
2199,40063,13806
2200,40065,25998
2201,40067,6292
2202,40069,11103
2203,40071,45478
2204,40073,15532
2205,40075,9336
2206,40077,10693
2207,40079,49761
2208,40081,34619
2209,40083,45276
2210,40085,9773
2211,40087,37313
2212,40089,33050
2213,40091,20088
2214,40093,7750
2215,40095,16182
2216,40097,40816
2217,40099,13803
2218,40101,69966
2219,40103,11494
2220,40105,10524
2221,40107,12186
2222,40109,766215
2223,40111,39095
2224,40113,47981
2225,40115,32105
2226,40117,16401
2227,40119,80264
2228,40121,44626
2229,40123,38005
2230,40125,71811
2231,40127,11125
2232,40129,3761
2233,40131,89815
2234,40133,25421
2235,40135,41358
2236,40137,44493
2237,40139,21853
2238,40141,7628
2239,40143,629598
2240,40145,75702
2241,40147,51937
2242,40149,11547
2243,40151,9288
2244,40153,21529
2246,41001,16059
2247,41003,86316
2248,41005,394972
2249,41007,37474
2250,41009,49459
2251,41011,62475
2252,41013,20998
2253,41015,22335
2254,41017,170388
2255,41019,106972
2256,41021,1932
2257,41023,7180
2258,41025,7126
2259,41027,22885
2260,41029,210287
2261,41031,22192
2262,41033,83599
2263,41035,65455
2264,41037,7838
2265,41039,358337
2266,41041,46406
2267,41043,119356
2268,41045,30359
2269,41047,326110
2270,41049,11187
2271,41051,776712
2272,41053,77916
2273,41055,1710
2274,41057,25342
2275,41059,76705
2276,41061,25691
2277,41063,6820
2278,41065,25515
2279,41067,562998
2280,41069,1375
2281,41071,101758
2283,42001,101714
2284,42003,1231255
2285,42005,67785
2286,42007,169392
2287,42009,48946
2288,42011,413691
2289,42013,125955
2290,42015,61784
2291,42017,626685
2292,42019,185943
2293,42021,137732
2294,42023,4805
2295,42025,64441
2296,42027,158742
2297,42029,512784
2298,42031,38821
2299,42033,81191
2300,42035,39745
2301,42037,67122
2302,42039,87175
2303,42041,243762
2304,42043,271453
2305,42045,562960
2306,42047,31194
2307,42049,278443
2308,42051,134086
2309,42053,7518
2310,42055,152892
2311,42057,14632
2312,42059,37843
2313,42061,45750
2314,42063,87706
2315,42065,44638
2316,42067,24796
2317,42069,212719
2318,42071,533320
2319,42073,88771
2320,42075,136359
2321,42077,357823
2322,42079,318829
2323,42081,116508
2324,42083,42554
2325,42085,114884
2326,42087,46552
2327,42089,166314
2328,42091,816857
2329,42093,18641
2330,42095,300654
2331,42097,93944
2332,42099,45634
2333,42101,1560297
2334,42103,56191
2335,42105,17206
2336,42107,145797
2337,42109,40323
2338,42111,76218
2339,42113,6339
2340,42115,41920
2341,42117,42274
2342,42119,44874
2343,42121,53529
2344,42123,40703
2345,42125,208187
2346,42127,51401
2347,42129,359320
2348,42131,28131
2349,42133,440755
2351,44001,49060
2352,44003,165128
2353,44005,82358
2354,44007,631974
2355,44009,126653
2357,45001,24965
2358,45003,164753
2359,45005,9695
2360,45007,192810
2361,45009,15182
2362,45011,21959
2363,45013,175852
2364,45015,198205
2365,45017,14878
2366,45019,381015
2367,45021,56024
2368,45023,32337
2369,45025,46125
2370,45027,34113
2371,45029,37771
2372,45031,67799
2373,45033,31127
2374,45035,148469
2375,45037,26553
2376,45039,22976
2377,45041,139231
2378,45043,60773
2379,45045,482752
2380,45047,69520
2381,45049,20405
2382,45051,298832
2383,45053,27170
2384,45055,63161
2385,45057,83160
2386,45059,66533
2387,45061,18343
2388,45063,277888
2389,45065,9846
2390,45067,31933
2391,45069,27924
2392,45071,37783
2393,45073,75192
2394,45075,90090
2395,45077,120368
2396,45079,401566
2397,45081,20026
2398,45083,293542
2399,45085,107919
2400,45087,27876
2401,45089,32695
2402,45091,245346
2404,46003,2745
2405,46005,18169
2406,46007,3430
2407,46009,7023
2408,46011,33314
2409,46013,38408
2410,46015,5309
2411,46017,2077
2412,46019,10298
2413,46021,1386
2414,46023,9287
2415,46025,3645
2416,46027,13932
2417,46029,27938
2418,46031,4182
2419,46033,8445
2420,46035,19885
2421,46037,5588
2422,46039,4312
2423,46041,5662
2424,46043,2973
2425,46045,3983
2426,46047,6845
2427,46049,2357
2428,46051,7241
2429,46053,4217
2430,46055,1847
2431,46057,5989
2432,46059,3345
2433,46061,3419
2434,46063,1250
2435,46065,17642
2436,46067,7200
2437,46069,1396
2438,46071,3274
2439,46073,2007
2440,46075,975
2441,46077,5075
2442,46079,12368
2443,46081,24657
2444,46083,51548
2445,46085,3877
2446,46087,5649
2447,46089,2429
2448,46091,4683
2449,46093,26951
2450,46095,2100
2451,46097,2316
2452,46099,182882
2453,46101,6367
2454,46103,108242
2455,46105,3033
2456,46107,2340
2457,46109,10374
2458,46111,2336
2459,46113,14218
2460,46115,6598
2461,46117,2983
2462,46119,1438
2463,46121,9882
2464,46123,5512
2465,46125,8272
2466,46127,15029
2467,46129,5511
2468,46135,22684
2469,46137,2826
2471,47001,75528
2472,47003,46627
2473,47005,16145
2474,47007,13931
2475,47009,126339
2476,47011,102975
2477,47013,39918
2478,47015,13757
2479,47017,28370
2480,47019,56886
2481,47021,39764
2482,47023,17379
2483,47025,31592
2484,47027,7765
2485,47029,35374
2486,47031,53623
2487,47033,14668
2488,47035,57985
2489,47037,668347
2490,47039,11666
2491,47041,19268
2492,47043,50575
2493,47045,37935
2494,47047,39011
2495,47049,17855
2496,47051,41402
2497,47053,49472
2498,47055,28853
2499,47057,22864
2500,47059,68335
2501,47061,13425
2502,47063,63036
2503,47065,351220
2504,47067,6657
2505,47069,25965
2506,47071,25870
2507,47073,56735
2508,47075,18185
2509,47077,28009
2510,47079,32204
2511,47081,24384
2512,47083,8267
2513,47085,18135
2514,47087,11568
2515,47089,52677
2516,47091,17859
2517,47093,448644
2518,47095,7631
2519,47097,27382
2520,47099,42274
2521,47101,11906
2522,47103,33637
2523,47105,50771
2524,47107,52626
2525,47109,26267
2526,47111,23003
2527,47113,98178
2528,47115,28407
2529,47117,31269
2530,47119,85515
2531,47121,11701
2532,47123,45233
2533,47125,189961
2534,47127,6319
2535,47129,21660
2536,47131,30941
2537,47133,22028
2538,47135,7822
2539,47137,5124
2540,47139,16730
2541,47141,74165
2542,47143,32641
2543,47145,52748
2544,47147,68079
2545,47149,288906
2546,47151,21987
2547,47153,14704
2548,47155,95110
2549,47157,938803
2550,47159,19009
2551,47161,13279
2552,47163,157047
2553,47165,172706
2554,47167,61623
2555,47169,8002
2556,47171,17963
2557,47173,19113
2558,47175,5633
2559,47177,39969
2560,47179,126242
2561,47181,16913
2562,47183,34373
2563,47185,26301
2564,47187,205226
2565,47189,125376
2567,48001,57627
2568,48003,17477
2569,48005,87750
2570,48007,24972
2571,48009,8811
2572,48011,1955
2573,48013,47774
2574,48015,29114
2575,48017,6910
2576,48019,20892
2577,48021,78069
2578,48023,3592
2579,48025,32863
2580,48027,329140
2581,48029,1855866
2582,48031,10812
2583,48033,652
2584,48035,17780
2585,48037,93275
2586,48039,338124
2587,48041,209152
2588,48043,9173
2589,48045,1536
2590,48047,7194
2591,48049,37653
2592,48051,17253
2593,48053,44943
2594,48055,39810
2595,48057,21797
2596,48059,13513
2597,48061,420392
2598,48063,12621
2599,48065,6013
2600,48067,30261
2601,48069,7781
2602,48071,38145
2603,48073,50902
2604,48075,7089
2605,48077,10370
2606,48079,2935
2607,48081,3254
2608,48083,8430
2609,48085,885241
2610,48087,3017
2611,48089,20719
2612,48091,123694
2613,48093,13550
2614,48095,4050
2615,48097,38761
2616,48099,75562
2617,48101,1415
2618,48103,4950
2619,48105,3812
2620,48107,5899
2621,48109,2266
2622,48111,7135
2623,48113,2518638
2624,48115,13372
2625,48117,19195
2626,48119,5238
2627,48121,753363
2628,48123,20684
2629,48125,2218
2630,48127,11089
2631,48129,3543
2632,48131,11533
2633,48133,18176
2634,48135,153904
2635,48137,1879
2636,48139,159317
2637,48141,833487
2638,48143,40147
2639,48145,16989
2640,48147,33752
2641,48149,24833
2642,48151,3831
2643,48153,5949
2644,48155,1275
2645,48157,685345
2646,48159,10600
2647,48161,19762
2648,48163,18531
2649,48165,19425
2650,48167,314198
2651,48169,6435
2652,48171,25520
2653,48173,1291
2654,48175,7549
2655,48177,20462
2656,48179,23044
2657,48181,123534
2658,48183,123204
2659,48185,27172
2660,48187,147250
2661,48189,34720
2662,48191,3147
2663,48193,8199
2664,48195,5509
2665,48197,3928
2666,48199,55621
2667,48201,4441370
2668,48203,67336
2669,48205,6089
2670,48207,5769
2671,48209,185025
2672,48211,4180
2673,48213,79290
2674,48215,831073
2675,48217,34848
2676,48219,23577
2677,48221,53921
2678,48223,35921
2679,48225,22741
2680,48227,36651
2681,48229,3211
2682,48231,88493
2683,48233,21773
2684,48235,1574
2685,48237,8855
2686,48239,14739
2687,48241,35552
2688,48243,2204
2689,48245,252235
2690,48247,5255
2691,48249,41353
2692,48251,157456
2693,48253,19936
2694,48255,14906
2695,48257,111236
2696,48259,38880
2697,48261,400
2698,48263,785
2699,48265,50562
2700,48267,4438
2701,48269,262
2702,48271,3526
2703,48273,32190
2704,48275,3858
2705,48277,49523
2706,48279,13574
2707,48281,20156
2708,48283,7474
2709,48285,19721
2710,48287,16742
2711,48289,16861
2712,48291,78117
2713,48293,23524
2714,48295,3553
2715,48297,12091
2716,48299,19510
2717,48301,86
2718,48303,293974
2719,48305,5771
2720,48307,8199
2721,48309,243441
2722,48311,805
2723,48313,13861
2724,48315,10149
2725,48317,5460
2726,48319,4071
2727,48321,36519
2728,48323,57023
2729,48325,47894
2730,48327,2147
2731,48329,155830
2732,48331,24256
2733,48333,4870
2734,48335,9076
2735,48337,19416
2736,48339,518947
2737,48341,22148
2738,48343,12743
2739,48345,1153
2740,48347,65301
2741,48349,48195
2742,48351,14138
2743,48353,15093
2744,48355,356221
2745,48357,10758
2746,48359,2070
2747,48361,83433
2748,48363,28096
2749,48365,23769
2750,48367,123164
2751,48369,9908
2752,48371,15893
2753,48373,46079
2754,48375,121627
2755,48377,6976
2756,48379,11032
2757,48381,128220
2758,48383,3755
2759,48385,3371
2760,48387,12446
2761,48389,14349
2762,48391,7302
2763,48393,928
2764,48395,16500
2765,48397,87809
2766,48399,10416
2767,48401,53923
2768,48403,10350
2769,48405,8610
2770,48407,27099
2771,48409,66915
2772,48411,5622
2773,48413,3162
2774,48415,17328
2775,48417,3343
2776,48419,25515
2777,48421,3084
2778,48423,218842
2779,48425,8694
2780,48427,62955
2781,48429,9405
2782,48431,1339
2783,48433,1403
2784,48435,3972
2785,48437,7581
2786,48439,1945360
2787,48441,135143
2788,48443,927
2789,48445,12739
2790,48447,1608
2791,48449,32506
2792,48451,116608
2793,48453,1151145
2794,48455,14224
2795,48457,21418
2796,48459,40354
2797,48461,3454
2798,48463,27117
2799,48465,48974
2800,48467,52910
2801,48469,91081
2802,48471,69789
2803,48473,46820
2804,48475,11625
2805,48477,34438
2806,48479,266673
2807,48481,41168
2808,48483,5714
2809,48485,132355
2810,48487,12973
2811,48489,21903
2812,48491,489250
2813,48493,46402
2814,48495,7821
2815,48497,61638
2816,48499,42852
2817,48501,8286
2818,48503,18350
2819,48505,14319
2820,48507,12267
2822,49001,6461
2823,49003,51518
2824,49005,118343
2825,49007,20660
2826,49009,1117
2827,49011,329692
2828,49013,20380
2829,49015,10631
2830,49017,5024
2831,49019,9429
2832,49021,47269
2833,49023,10486
2834,49025,7254
2835,49027,12606
2836,49029,10608
2837,49031,1484
2838,49033,2293
2839,49035,1091742
2840,49037,15251
2841,49039,28477
2842,49041,20773
2843,49043,39105
2844,49045,61598
2845,49047,36867
2846,49049,560974
2847,49051,27714
2848,49053,151948
2849,49055,2723
2850,49057,240475
2852,50001,37009
2853,50003,36445
2854,50005,30981
2855,50007,160531
2856,50009,6125
2857,50011,48642
2858,50013,6994
2859,50015,25082
2860,50017,28859
2861,50019,27082
2862,50021,60086
2863,50023,58998
2864,50025,43714
2865,50027,56014
2867,51001,33021
2868,51003,104489
2869,51005,15820
2870,51007,12855
2871,51009,32041
2872,51011,15279
2873,51013,226908
2874,51015,73862
2875,51017,4563
2876,51019,76583
2877,51021,6625
2878,51023,33100
2879,51025,16498
2880,51027,23106
2881,51029,16913
2882,51031,54885
2883,51033,29778
2884,51035,29621
2885,51036,7023
2886,51037,12225
2887,51041,332499
2888,51043,14423
2889,51045,5234
2890,51047,49166
2891,51049,9827
2892,51051,15308
2893,51053,27859
2894,51057,11103
2895,51059,1137538
2896,51061,68248
2897,51063,15578
2898,51065,26092
2899,51067,56358
2900,51069,82377
2901,51071,16815
2902,51073,37141
2903,51075,21936
2904,51077,15093
2905,51079,19031
2906,51081,11681
2907,51083,35200
2908,51085,101918
2909,51087,321924
2910,51089,52081
2911,51091,2248
2912,51093,36007
2913,51095,72583
2914,51097,7175
2915,51099,25371
2916,51101,16186
2917,51103,11044
2918,51105,24951
2919,51107,363050
2920,51109,34348
2921,51111,12466
2922,51113,13157
2923,51115,8836
2924,51117,31192
2925,51119,10696
2926,51121,97244
2927,51125,14850
2928,51127,20021
2929,51131,12121
2930,51133,12251
2931,51135,15579
2932,51137,35026
2933,51139,23848
2934,51141,18264
2935,51143,62383
2936,51145,28449
2937,51147,23074
2938,51149,37333
2939,51153,446094
2940,51155,34322
2941,51157,7361
2942,51159,8902
2943,51161,93785
2944,51163,22327
2945,51165,78171
2946,51167,28023
2947,51169,22384
2948,51171,43021
2949,51173,31555
2950,51175,18059
2951,51177,129188
2952,51179,139992
2953,51181,6790
2954,51183,11767
2955,51185,43452
2956,51187,38987
2957,51191,54729
2958,51193,17477
2959,51195,39935
2960,51197,29121
2961,51199,66342
2962,51510,150575
2963,51520,17184
2964,51530,6603
2965,51540,45593
2966,51550,233371
2967,51570,17731
2968,51580,5802
2969,51590,42444
2970,51595,5462
2971,51600,24483
2972,51610,13601
2973,51620,8526
2974,51630,28350
2975,51640,7014
2976,51650,136879
2977,51660,52478
2978,51670,22196
2979,51678,7311
2980,51680,79047
2981,51683,42081
2982,51685,15174
2983,51690,13711
2984,51700,182965
2985,51710,245428
2986,51720,4031
2987,51730,32701
2988,51735,12048
2989,51740,96004
2990,51750,17646
2991,51760,217853
2992,51770,99428
2993,51775,25483
2994,51790,24538
2995,51800,86806
2996,51810,450980
2997,51820,21366
2998,51830,14691
2999,51840,27543
3001,53001,19179
3002,53003,22189
3003,53005,186486
3004,53007,74588
3005,53009,72715
3006,53011,451008
3007,53013,3985
3008,53015,102133
3009,53017,39804
3010,53019,7667
3011,53021,87809
3012,53023,2215
3013,53025,93147
3014,53027,70818
3015,53029,79275
3016,53031,30228
3017,53033,2079967
3018,53035,254183
3019,53037,42522
3020,53039,20861
3021,53041,75128
3022,53043,10250
3023,53045,60711
3024,53047,41290
3025,53049,20561
3026,53051,12985
3027,53053,831928
3028,53055,16015
3029,53057,120365
3030,53059,11340
3031,53061,759583
3032,53063,484318
3033,53065,43650
3034,53067,265851
3035,53069,4067
3036,53071,59844
3037,53073,208351
3038,53075,46827
3039,53077,247687
3041,54001,16766
3042,54003,110497
3043,54005,23714
3044,54007,14463
3045,54009,23530
3046,54011,97109
3047,54013,7513
3048,54015,8941
3049,54017,8391
3050,54019,45132
3051,54021,8618
3052,54023,11687
3053,54025,35450
3054,54027,23483
3055,54029,30112
3056,54031,13923
3057,54033,68761
3058,54035,29126
3059,54037,55713
3060,54039,190223
3061,54041,16414
3062,54043,21561
3063,54045,35348
3064,54047,20448
3065,54049,56803
3066,54051,32416
3067,54053,27016
3068,54055,61785
3069,54057,27578
3070,54059,25716
3071,54061,103463
3072,54063,13582
3073,54065,17453
3074,54067,25827
3075,54069,43328
3076,54071,7371
3077,54073,7634
3078,54075,8662
3079,54077,33788
3080,54079,56770
3081,54081,78241
3082,54083,29429
3083,54085,10011
3084,54087,14664
3085,54089,13417
3086,54091,17069
3087,54093,6927
3088,54095,9098
3089,54097,24731
3090,54099,41122
3091,54101,8834
3092,54103,15988
3093,54105,5845
3094,54107,86237
3095,54109,22598
3097,55001,20215
3098,55003,16103
3099,55005,45455
3100,55007,14985
3101,55009,256670
3102,55011,13188
3103,55013,15328
3104,55015,49491
3105,55017,63460
3106,55019,34423
3107,55021,56615
3108,55023,16392
3109,55025,516284
3110,55027,88574
3111,55029,27766
3112,55031,43698
3113,55033,44305
3114,55035,101564
3115,55037,4481
3116,55039,101759
3117,55041,9127
3118,55043,51829
3119,55045,37063
3120,55047,18836
3121,55049,23825
3122,55051,5917
3123,55053,20652
3124,55055,84395
3125,55057,26395
3126,55059,168068
3127,55061,20444
3128,55063,118011
3129,55065,16853
3130,55067,19410
3131,55069,28493
3132,55071,80160
3133,55073,135780
3134,55075,41298
3135,55077,15050
3136,55078,4522
3137,55079,956406
3138,55081,45379
3139,55083,37417
3140,55085,35563
3141,55087,182006
3142,55089,87470
3143,55091,7335
3144,55093,40958
3145,55095,43437
3146,55097,70482
3147,55099,13675
3148,55101,195163
3149,55103,17662
3150,55105,161188
3151,55107,14333
3152,55109,86759
3153,55111,63379
3154,55113,16437
3155,55115,41579
3156,55117,115290
3157,55119,20540
3158,55121,29509
3159,55123,30362
3160,55125,21398
3161,55127,103527
3162,55129,15694
3163,55131,133251
3164,55133,395118
3165,55135,52066
3166,55137,24178
3167,55139,169511
3168,55141,73608
3170,56001,37811
3171,56003,11930
3172,56005,48320
3173,56007,15854
3174,56009,14097
3175,56011,7248
3176,56013,40703
3177,56015,13514
3178,56017,4816
3179,56019,8573
3180,56021,96389
3181,56023,18567
3182,56025,81624
3183,56027,2463
3184,56029,28989
3185,56031,8799
3186,56033,30032
3187,56035,10057
3188,56037,45010
3189,56039,22930
3190,56041,20904
3191,56043,8322
3192,56045,7201
